"CustomerCode","CustomerDesc","ChannelCode","ChannelDesc","SalespersonCode","SalespersonDesc","ZoneCode","ZoneDesc","RegionCode","RegionDesc"
"3603","DIST HQ HEALTH DEPT","6","Specials","3","Diana Diaz","03","Phoenix","5","South-West"
"0000","A B CHALMERS","0","Retail","0","Aaron Anthony","00","New Orleans","9","South"
"0001","A F BLAKEMORE 1","0","Retail","0","Aaron Anthony","01","Miami","4","South-East"
"0002","A F BLAKEMORE 2","0","Retail","0","Aaron Anthony","02","Jacksonville","4","South-East"
"0003","A F BLAKEMORE 3","0","Retail","0","Aaron Anthony","03","Phoenix","5","South-West"
"0004","A F BLAKEMORE 4","0","Retail","0","Aaron Anthony","04","Chicago","0","North"
"0005","A F BLAKEMORE 5","0","Retail","0","Aaron Anthony","05","Detroit","0","North"
"0006","A G BANNERMAN LTD","0","Retail","0","Aaron Anthony","06","Milwaukee","0","North"
"0007","A H RIPPIN","0","Retail","0","Aaron Anthony","07","Houston","9","South"
"0008","A J ANDERTON & SONS","0","Retail","0","Aaron Anthony","08","Cleveland","0","North"
"0009","A P SHAW","0","Retail","0","Aaron Anthony","09","Madison","0","North"
"0010","A R GRAY LTD 1","0","Retail","0","Aaron Anthony","10","Austin","9","South"
"0011","A R GRAY LTD 2","0","Retail","0","Aaron Anthony","11","Seattle","1","North-West"
"0012","A S HILL","0","Retail","0","Aaron Anthony","12","Portland","1","North-West"
"0013","A J GREGORY & SON 1","0","Retail","0","Aaron Anthony","13","Spokane","1","North-West"
"0014","A J GREGORY & SON 2","0","Retail","0","Aaron Anthony","14","Boise","1","North-West"
"0015","AAH PHARMACEUTICALS 1","0","Retail","0","Aaron Anthony","15","Tacoma","1","North-West"
"0030","AAH PHARMACEUTICALS 2","0","Retail","0","Aaron Anthony","30","Omaha","3","Central"
"0031","AAH PHARMACEUTICALS 3","0","Retail","0","Aaron Anthony","31","Kansas City","3","Central"
"0032","AAH PHARMACEUTICALS 4","0","Retail","0","Aaron Anthony","32","St Louis","3","Central"
"0033","AAH PHARMACEUTICALS 5","0","Retail","0","Aaron Anthony","33","Denver","3","Central"
"0034","AAH PHARMACEUTICALS 6","0","Retail","0","Aaron Anthony","34","Colorado Springs","3","Central"
"0035","AAH PHARMACEUTICALS 7","0","Retail","0","Aaron Anthony","35","Springfield","3","Central"
"0036","AAH PHARMACEUTICALS 8","0","Retail","0","Aaron Anthony","36","Wichita","3","Central"
"0037","AAH PHARMACEUTICALS 9","0","Retail","0","Aaron Anthony","37","Tulsa","3","Central"
"0038","AAH PHARMACEUTICALS 10","0","Retail","0","Aaron Anthony","38","Galveston","9","South"
"0039","AAH PHARMACEUTICALS 11","0","Retail","0","Aaron Anthony","39","Lincoln","3","Central"
"0040","AAH PHARMACEUTICALS 12","0","Retail","0","Aaron Anthony","40","Gulfport","9","South"
"0041","AAH PHARMACEUTICALS 13","0","Retail","0","Aaron Anthony","41","Orlando","4","South-East"
"0042","AAH PHARMACEUTICALS 14","0","Retail","0","Aaron Anthony","42","Tampa","4","South-East"
"0043","AAH PHARMACEUTICALS 15","0","Retail","0","Aaron Anthony","43","Tallahassee","4","South-East"
"0044","AAH PHARMACEUTICALS 16","0","Retail","0","Aaron Anthony","44","Memphis","9","South"
"0045","AAH PHARMACEUTICALS 17","0","Retail","0","Aaron Anthony","45","Atlanta","4","South-East"
"0046","AAH PHARMACEUTICALS 18","0","Retail","0","Aaron Anthony","46","Charleston","4","South-East"
"0047","AAH PHARMACEUTICALS 19","0","Retail","0","Aaron Anthony","47","Mobile","4","South-East"
"0048","AAH PHARMACEUTICALS 20","0","Retail","0","Aaron Anthony","48","Charlotte","4","South-East"
"0049","AAH PHARMACEUTICALS 21","0","Retail","0","Aaron Anthony","49","Savannah","4","South-East"
"0050","AAH PHARMACEUTICALS 22","0","Retail","0","Aaron Anthony","50","Tuscon","5","South-West"
"0051","AAH PHARMACEUTICALS 23","0","Retail","0","Aaron Anthony","51","Los Angeles","5","South-West"
"0052","AAH PHARMACEUTICALS 24","0","Retail","0","Aaron Anthony","52","San Jose","5","South-West"
"0053","ABERDEEN UNIVERSITY","0","Retail","0","Aaron Anthony","53","San Diego","5","South-West"
"0054","ACORN PHARMACY","0","Retail","0","Aaron Anthony","54","Las Vegas","5","South-West"
"0055","ADULT SUNCARE RETURN","0","Retail","0","Aaron Anthony","55","San Francisco","5","South-West"
"0056","ADVANCED CHEMICAL INC","0","Retail","0","Aaron Anthony","56","Santa Fe","5","South-West"
"0100","AGRIMARK LTD","1","Independents","0","Aaron Anthony","00","New Orleans","9","South"
"0101","AIR INDIA","1","Independents","0","Aaron Anthony","01","Miami","4","South-East"
"0102","AIR INDIA","1","Independents","0","Aaron Anthony","02","Jacksonville","4","South-East"
"0103","ALBERTI S P A","1","Independents","0","Aaron Anthony","03","Phoenix","5","South-West"
"0104","ALDORF DAVIDSON","1","Independents","0","Aaron Anthony","04","Chicago","0","North"
"0105","ALLDERS 1","1","Independents","0","Aaron Anthony","05","Detroit","0","North"
"0106","ALLDERS 2","1","Independents","0","Aaron Anthony","06","Milwaukee","0","North"
"0107","ALLDERS 3","1","Independents","0","Aaron Anthony","07","Houston","9","South"
"0200","ALLDERS 4","2","Cash & Carry","0","Aaron Anthony","00","New Orleans","9","South"
"0300","ALLDERS 5","3","Wholesalers","0","Aaron Anthony","00","New Orleans","9","South"
"0301","ALLDERS 6","3","Wholesalers","0","Aaron Anthony","01","Miami","4","South-East"
"0302","ALLDERS 7","3","Wholesalers","0","Aaron Anthony","02","Jacksonville","4","South-East"
"0400","ALLDERS 8","4","Direct","0","Aaron Anthony","00","New Orleans","9","South"
"0401","ALLDERS 9","4","Direct","0","Aaron Anthony","01","Miami","4","South-East"
"0402","ALLDERS 10","4","Direct","0","Aaron Anthony","02","Jacksonville","4","South-East"
"0403","ALLDERS 11","4","Direct","0","Aaron Anthony","03","Phoenix","5","South-West"
"0404","ALLDERS 12","4","Direct","0","Aaron Anthony","04","Chicago","0","North"
"0405","ALPHA AIRPORT SERVICE 1","4","Direct","0","Aaron Anthony","05","Detroit","0","North"
"0406","ALPHA AIRPORT SERVICE 2","4","Direct","0","Aaron Anthony","06","Milwaukee","0","North"
"0407","ALPHA AIRPORT SERVICE 3","4","Direct","0","Aaron Anthony","07","Houston","9","South"
"0414","AMCO WHOLESALERS","4","Direct","0","Aaron Anthony","14","Boise","1","North-West"
"0500","AMERICAN GOODS","5","Discounts","0","Aaron Anthony","00","New Orleans","9","South"
"0501","AMERICAN GOODS","5","Discounts","0","Aaron Anthony","01","Miami","4","South-East"
"0502","AMERICAN GOODS","5","Discounts","0","Aaron Anthony","02","Jacksonville","4","South-East"
"0503","AMERICAN PRODUCTS 1","5","Discounts","0","Aaron Anthony","03","Phoenix","5","South-West"
"0504","AMERICAN PRODUCTS 2","5","Discounts","0","Aaron Anthony","04","Chicago","0","North"
"0600","AMERICAN PRODUCTS 3","6","Specials","0","Aaron Anthony","00","New Orleans","9","South"
"0601","AMERICAN PRODUCTS 4","6","Specials","0","Aaron Anthony","01","Miami","4","South-East"
"0602","AMERICAN PRODUCTS 5","6","Specials","0","Aaron Anthony","02","Jacksonville","4","South-East"
"0603","AMERICAN PRODUCTS 6","6","Specials","0","Aaron Anthony","03","Phoenix","5","South-West"
"0604","AMERICAN PRODUCTS 7","6","Specials","0","Aaron Anthony","04","Chicago","0","North"
"0605","AMERICAN PRODUCTS 8","6","Specials","0","Aaron Anthony","05","Detroit","0","North"
"0606","ANGLIA REG CO OP CHE","6","Specials","0","Aaron Anthony","06","Milwaukee","0","North"
"0607","ANTHONY COX","6","Specials","0","Aaron Anthony","07","Houston","9","South"
"0608","ANTON BROTHER","6","Specials","0","Aaron Anthony","08","Cleveland","0","North"
"0609","APPLEBY WESTWARD LTD","6","Specials","0","Aaron Anthony","09","Madison","0","North"
"0610","ARDING & HOBBS 1","6","Specials","0","Aaron Anthony","10","Austin","9","South"
"0611","ARDING & HOBBS 2","6","Specials","0","Aaron Anthony","11","Seattle","1","North-West"
"0612","ARDING & HOBBS 3","6","Specials","0","Aaron Anthony","12","Portland","1","North-West"
"0613","ARGYLE RUBBER CO LTD","6","Specials","0","Aaron Anthony","13","Spokane","1","North-West"
"0614","ASDA STORES LTD","6","Specials","0","Aaron Anthony","14","Boise","1","North-West"
"0615","ASHBY EMPORIUM","6","Specials","0","Aaron Anthony","15","Tacoma","1","North-West"
"0616","ASPREY PLC","6","Specials","0","Aaron Anthony","16","Great Falls","1","North-West"
"0700","ASSAD NIMER","7","Indirects","0","Aaron Anthony","00","New Orleans","9","South"
"0701","ASSOCIATED CHEMISTS","7","Indirects","0","Aaron Anthony","01","Miami","4","South-East"
"0702","ASSOCIATED CHEMISTS","7","Indirects","0","Aaron Anthony","02","Jacksonville","4","South-East"
"0800","ASSOCIATED DRUG COMP","8","Outlet","0","Aaron Anthony","00","New Orleans","9","South"
"0801","ASSOCIATED DRUG COMP","8","Outlet","0","Aaron Anthony","01","Miami","4","South-East"
"0802","ATS WHOLESALE","8","Outlet","0","Aaron Anthony","02","Jacksonville","4","South-East"
"0803","AURICA SL - MAIN DIS","8","Outlet","0","Aaron Anthony","03","Phoenix","5","South-West"
"0804","AURICA SL - MAIN DIS","8","Outlet","0","Aaron Anthony","04","Chicago","0","North"
"0805","AUSTIN & YOUNG","8","Outlet","0","Aaron Anthony","05","Detroit","0","North"
"0806","AVON HOSIERY WHOLESA","8","Outlet","0","Aaron Anthony","06","Milwaukee","0","North"
"0807","AWARDGRADE CASH & CA","8","Outlet","0","Aaron Anthony","07","Houston","9","South"
"0808","AYRSHIRE PHARM LTD","8","Outlet","0","Aaron Anthony","08","Cleveland","0","North"
"0809","A-Z CORPORATION","8","Outlet","0","Aaron Anthony","09","Madison","0","North"
"0810","B & A TRADING LIMITE","8","Outlet","0","Aaron Anthony","10","Austin","9","South"
"0811","B & S DURBIN LTD","8","Outlet","0","Aaron Anthony","11","Seattle","1","North-West"
"0812","B & S HUGHES LTD","8","Outlet","0","Aaron Anthony","12","Portland","1","North-West"
"0900","B A CASH & CARRY","9","Others","0","Aaron Anthony","00","New Orleans","9","South"
"0901","B A CASH & CARRY","9","Others","0","Aaron Anthony","01","Miami","4","South-East"
"1000","B BUSHELL","0","Retail","1","Beverly Bruce","00","New Orleans","9","South"
"1001","B L JACOBS","0","Retail","1","Beverly Bruce","01","Miami","4","South-East"
"1002","B MARTIN & SON LTD","0","Retail","1","Beverly Bruce","02","Jacksonville","4","South-East"
"1100","BABIES & TODDLERS EN","1","Independents","1","Beverly Bruce","00","New Orleans","9","South"
"1101","BABY SUNCARE RETURNS","1","Independents","1","Beverly Bruce","01","Miami","4","South-East"
"1102","BAD DEBTS ACCOUNT","1","Independents","1","Beverly Bruce","02","Jacksonville","4","South-East"
"1103","BADIANI","1","Independents","1","Beverly Bruce","03","Phoenix","5","South-West"
"1104","BADIANI PHARMACY","1","Independents","1","Beverly Bruce","04","Chicago","0","North"
"1105","BAKER BROS LTD","1","Independents","1","Beverly Bruce","05","Detroit","0","North"
"1200","BANGLADESH PARJATAN","2","Cash & Carry","1","Beverly Bruce","00","New Orleans","9","South"
"1201","BANJUL PHARMACY","2","Cash & Carry","1","Beverly Bruce","01","Miami","4","South-East"
"1202","BARBER DENTAL","2","Cash & Carry","1","Beverly Bruce","02","Jacksonville","4","South-East"
"1203","BATLEYS PLC SA01","2","Cash & Carry","1","Beverly Bruce","03","Phoenix","5","South-West"
"1204","BATLEYS PLC SA02","2","Cash & Carry","1","Beverly Bruce","04","Chicago","0","North"
"1205","BATLEYS PLC SA03","2","Cash & Carry","1","Beverly Bruce","05","Detroit","0","North"
"1206","BATLEYS PLC SA04","2","Cash & Carry","1","Beverly Bruce","06","Milwaukee","0","North"
"1207","BATLEYS PLC SA05","2","Cash & Carry","1","Beverly Bruce","07","Houston","9","South"
"1254","BATLEYS PLC SA06","2","Cash & Carry","1","Beverly Bruce","54","Las Vegas","5","South-West"
"1300","BATLEYS PLC SA07","3","Wholesalers","1","Beverly Bruce","00","New Orleans","9","South"
"1301","BATLEYS PLC SA08","3","Wholesalers","1","Beverly Bruce","01","Miami","4","South-East"
"1302","BATLEYS PLC SA09","3","Wholesalers","1","Beverly Bruce","02","Jacksonville","4","South-East"
"1303","BATTENBURG AVENUE CL","3","Wholesalers","1","Beverly Bruce","03","Phoenix","5","South-West"
"1304","BAXTER BROTHERS","3","Wholesalers","1","Beverly Bruce","04","Chicago","0","North"
"1305","BECKTON PHARMACY","3","Wholesalers","1","Beverly Bruce","05","Detroit","0","North"
"1306","BELLEVUE CASH & CARRY","3","Wholesalers","1","Beverly Bruce","06","Milwaukee","0","North"
"1307","BENETTON","3","Wholesalers","1","Beverly Bruce","07","Houston","9","South"
"1308","BENETTON","3","Wholesalers","1","Beverly Bruce","08","Cleveland","0","North"
"1309","BENS","3","Wholesalers","1","Beverly Bruce","09","Madison","0","North"
"1310","BENTALLS LIMITED","3","Wholesalers","1","Beverly Bruce","10","Austin","9","South"
"1400","BESTWAY CASH & CARRY","4","Direct","1","Beverly Bruce","00","New Orleans","9","South"
"1401","BESTWAY CASH & CARRY","4","Direct","1","Beverly Bruce","01","Miami","4","South-East"
"1402","BESTWAY CASH & CARRY","4","Direct","1","Beverly Bruce","02","Jacksonville","4","South-East"
"1403","BESTWAY CASH & CARRY","4","Direct","1","Beverly Bruce","03","Phoenix","5","South-West"
"1404","BESTWAY CASH & CARRY","4","Direct","1","Beverly Bruce","04","Chicago","0","North"
"1405","BESTWAY CASH & CARRY","4","Direct","1","Beverly Bruce","05","Detroit","0","North"
"1406","BESTWAY CASH & CARRY","4","Direct","1","Beverly Bruce","06","Milwaukee","0","North"
"1407","BESTWAY NORTHERN LTD","4","Direct","1","Beverly Bruce","07","Houston","9","South"
"1500","BIANCA MALFUSS IND","5","Discounts","1","Beverly Bruce","00","New Orleans","9","South"
"1501","BILLERICAY DENTAL","5","Discounts","1","Beverly Bruce","01","Miami","4","South-East"
"1502","BILLINGTONS","5","Discounts","1","Beverly Bruce","02","Jacksonville","4","South-East"
"1523","BLEASDALE LTD","5","Discounts","1","Beverly Bruce","23","Boston","2","North-East"
"1600","BODY SHOP INTERNATIO","6","Specials","1","Beverly Bruce","00","New Orleans","9","South"
"1601","BONDS","6","Specials","1","Beverly Bruce","01","Miami","4","South-East"
"1602","BONUS CO-OP CASH AND","6","Specials","1","Beverly Bruce","02","Jacksonville","4","South-East"
"1700","BOOKER BELMONT","7","Indirects","1","Beverly Bruce","00","New Orleans","9","South"
"1701","BOOKER CASH & CARRY","7","Indirects","1","Beverly Bruce","01","Miami","4","South-East"
"1702","BOOKER CASH & CARRY","7","Indirects","1","Beverly Bruce","02","Jacksonville","4","South-East"
"1703","BOOKER WHOLESALE FOO","7","Indirects","1","Beverly Bruce","03","Phoenix","5","South-West"
"1704","BRANDED GOODS OTC","7","Indirects","1","Beverly Bruce","04","Chicago","0","North"
"1705","BRANDS DIRECT","7","Indirects","1","Beverly Bruce","05","Detroit","0","North"
"1706","BRANDS DIRECT","7","Indirects","1","Beverly Bruce","06","Milwaukee","0","North"
"1707","BRIGHTON CO-OP LTD","7","Indirects","1","Beverly Bruce","07","Houston","9","South"
"1708","BRITCO","7","Indirects","1","Beverly Bruce","08","Cleveland","0","North"
"1709","BROMHAM HOSPITAL","7","Indirects","1","Beverly Bruce","09","Madison","0","North"
"1710","BROMLEY AREA H.A.","7","Indirects","1","Beverly Bruce","10","Austin","9","South"
"1711","C& N SUPPLIES 01","7","Indirects","1","Beverly Bruce","11","Seattle","1","North-West"
"1712","C& N SUPPLIES 02","7","Indirects","1","Beverly Bruce","12","Portland","1","North-West"
"1713","CAMBERWELL HEALTH AU","7","Indirects","1","Beverly Bruce","13","Spokane","1","North-West"
"1714","CARBIDE","7","Indirects","1","Beverly Bruce","14","Boise","1","North-West"
"1715","CARBIDE","7","Indirects","1","Beverly Bruce","15","Tacoma","1","North-West"
"1716","CARBIDE","7","Indirects","1","Beverly Bruce","16","Great Falls","1","North-West"
"1717","CARBIDE","7","Indirects","1","Beverly Bruce","17","San Antonio","9","South"
"1718","CARBIDE","7","Indirects","1","Beverly Bruce","18","Billings","1","North-West"
"1719","CARBIDE","7","Indirects","1","Beverly Bruce","19","Eugene","1","North-West"
"1720","CARLTON DURHAM LTD","7","Indirects","1","Beverly Bruce","20","Dallas","9","South"
"1721","CARLTON DURHAM LTD","7","Indirects","1","Beverly Bruce","21","New York","2","North-East"
"1722","CB CHALMERS","7","Indirects","1","Beverly Bruce","22","Philadephia","2","North-East"
"1723","CENTRE LINE PRODUCTS","7","Indirects","1","Beverly Bruce","23","Boston","2","North-East"
"1724","CENTRECHEM","7","Indirects","1","Beverly Bruce","24","Buffalo","2","North-East"
"1725","CF BLAKEMORE","7","Indirects","1","Beverly Bruce","25","Rochester","2","North-East"
"1726","CF BLAKEMORE & SONS","7","Indirects","1","Beverly Bruce","26","Massachusetts","2","North-East"
"1727","CF BLAKEMORE & SONS","7","Indirects","1","Beverly Bruce","27","Rhode Island","2","North-East"
"1728","CF BLAKEMORE CASH &","7","Indirects","1","Beverly Bruce","28","Connecticut","2","North-East"
"1729","CG - PRODUCT","7","Indirects","1","Beverly Bruce","29","Providence","2","North-East"
"1730","CG - PRODUCT","7","Indirects","1","Beverly Bruce","30","Omaha","3","Central"
"1731","CG - PRODUCT","7","Indirects","1","Beverly Bruce","31","Kansas City","3","Central"
"1732","CG - PRODUCT","7","Indirects","1","Beverly Bruce","32","St Louis","3","Central"
"1733","CG BANNERMAN LTD","7","Indirects","1","Beverly Bruce","33","Denver","3","Central"
"1734","CG PARFETT AND SONS","7","Indirects","1","Beverly Bruce","34","Colorado Springs","3","Central"
"1735","CH RIPPIN","7","Indirects","1","Beverly Bruce","35","Springfield","3","Central"
"1736","CH RIPPIN","7","Indirects","1","Beverly Bruce","36","Wichita","3","Central"
"1737","CHANDIS CO LTD","7","Indirects","1","Beverly Bruce","37","Tulsa","3","Central"
"1738","CHANTRY CLINIC","7","Indirects","1","Beverly Bruce","38","Galveston","9","South"
"1739","CHARLES","7","Indirects","1","Beverly Bruce","39","Lincoln","3","Central"
"1740","CHEMICAL INDUSTRIES","7","Indirects","1","Beverly Bruce","40","Gulfport","9","South"
"1741","CHILDRENS WORLD HUB","7","Indirects","1","Beverly Bruce","41","Orlando","4","South-East"
"1745","CHILDRENS WORLD LTD","7","Indirects","1","Beverly Bruce","45","Atlanta","4","South-East"
"1747","CHILDRENS WORLD LTD","7","Indirects","1","Beverly Bruce","47","Mobile","4","South-East"
"1800","CHOICE DISCOUNTS","8","Outlet","1","Beverly Bruce","00","New Orleans","9","South"
"1801","CHRISTIES TEXTILES L","8","Outlet","1","Beverly Bruce","01","Miami","4","South-East"
"1802","CHRISTODOULIDES BROT","8","Outlet","1","Beverly Bruce","02","Jacksonville","4","South-East"
"1803","CIRCLE K","8","Outlet","1","Beverly Bruce","03","Phoenix","5","South-West"
"1804","CJ ANDERTON & SONS","8","Outlet","1","Beverly Bruce","04","Chicago","0","North"
"1805","CJ ANDERTON & SONS","8","Outlet","1","Beverly Bruce","05","Detroit","0","North"
"1806","CLAN CHEMISTS LTD","8","Outlet","1","Beverly Bruce","06","Milwaukee","0","North"
"1807","CLAREMONT C&C","8","Outlet","1","Beverly Bruce","07","Houston","9","South"
"1900","CLONE ZONE LTD","9","Others","1","Beverly Bruce","00","New Orleans","9","South"
"1901","COMMUNITY DENTAL DEP","9","Others","1","Beverly Bruce","01","Miami","4","South-East"
"1902","CONCORDE C & C DIST","9","Others","1","Beverly Bruce","02","Jacksonville","4","South-East"
"1903","CONVENIENCE SHOP CEN","9","Others","1","Beverly Bruce","03","Phoenix","5","South-West"
"2000","COSMOS TRADING SRL","0","Retail","2","Cynthia Campbell","00","New Orleans","9","South"
"2001","COSTCUTTER SUPERMARK","0","Retail","2","Cynthia Campbell","01","Miami","4","South-East"
"2002","COTTRELL & CO LTD","0","Retail","2","Cynthia Campbell","02","Jacksonville","4","South-East"
"2003","COTTRELL & CO LTD","0","Retail","2","Cynthia Campbell","03","Phoenix","5","South-West"
"2004","COTTRELL & CO LTD","0","Retail","2","Cynthia Campbell","04","Chicago","0","North"
"2005","COTTRELL & CO LTD","0","Retail","2","Cynthia Campbell","05","Detroit","0","North"
"2006","COWARD BROS EUROPEAN","0","Retail","2","Cynthia Campbell","06","Milwaukee","0","North"
"2011","COWARD BROS EUROPEAN","0","Retail","2","Cynthia Campbell","11","Seattle","1","North-West"
"2100","COWARD BROS EUROPEAN","1","Independents","2","Cynthia Campbell","00","New Orleans","9","South"
"2101","CP SHAW","1","Independents","2","Cynthia Campbell","01","Miami","4","South-East"
"2102","CR GRAY LTD","1","Independents","2","Cynthia Campbell","02","Jacksonville","4","South-East"
"2154","CR GRAY LTD","1","Independents","2","Cynthia Campbell","54","Las Vegas","5","South-West"
"2200","CRIPPS NU SAVE","2","Cash & Carry","2","Cynthia Campbell","00","New Orleans","9","South"
"2201","CRIPPS NU SAVE","2","Cash & Carry","2","Cynthia Campbell","01","Miami","4","South-East"
"2202","CROWN CREST CASH & C","2","Cash & Carry","2","Cynthia Campbell","02","Jacksonville","4","South-East"
"2400","CROWN CREST CASH & C","4","Direct","2","Cynthia Campbell","00","New Orleans","9","South"
"2401","CRS CHELSTON RDC","4","Direct","2","Cynthia Campbell","01","Miami","4","South-East"
"2402","CRS DISTRIBUTION CEN","4","Direct","2","Cynthia Campbell","02","Jacksonville","4","South-East"
"2403","CRS LIMITED","4","Direct","2","Cynthia Campbell","03","Phoenix","5","South-West"
"2404","CRS LIMITED","4","Direct","2","Cynthia Campbell","04","Chicago","0","North"
"2405","CRS LIMITED","4","Direct","2","Cynthia Campbell","05","Detroit","0","North"
"2406","CULCHETH PROVISION","4","Direct","2","Cynthia Campbell","06","Milwaukee","0","North"
"2407","CWS LTD","4","Direct","2","Cynthia Campbell","07","Houston","9","South"
"2541","CWS LIMITED","5","Discounts","2","Cynthia Campbell","41","Orlando","4","South-East"
"2600","CWS LIMITED","6","Specials","2","Cynthia Campbell","00","New Orleans","9","South"
"2601","CWS LIMITED","6","Specials","2","Cynthia Campbell","01","Miami","4","South-East"
"2602","CWS LIMITED","6","Specials","2","Cynthia Campbell","02","Jacksonville","4","South-East"
"2700","CWS LTD","7","Indirects","2","Cynthia Campbell","00","New Orleans","9","South"
"2701","CWS LTD","7","Indirects","2","Cynthia Campbell","01","Miami","4","South-East"
"2702","CWS LTD","7","Indirects","2","Cynthia Campbell","02","Jacksonville","4","South-East"
"2703","CWS LTD","7","Indirects","2","Cynthia Campbell","03","Phoenix","5","South-West"
"2800","CWS LTD","8","Outlet","2","Cynthia Campbell","00","New Orleans","9","South"
"2801","CWS LTD","8","Outlet","2","Cynthia Campbell","01","Miami","4","South-East"
"2802","CWS LTD","8","Outlet","2","Cynthia Campbell","02","Jacksonville","4","South-East"
"2803","D & G HASELOCK","8","Outlet","2","Cynthia Campbell","03","Phoenix","5","South-West"
"2804","D A HOPKIN LTD","8","Outlet","2","Cynthia Campbell","04","Chicago","0","North"
"2805","D B DAVIES","8","Outlet","2","Cynthia Campbell","05","Detroit","0","North"
"2806","D D JONES","8","Outlet","2","Cynthia Campbell","06","Milwaukee","0","North"
"2900","D DANIEL PHADMACY LT","9","Others","2","Cynthia Campbell","00","New Orleans","9","South"
"2901","D E OWEN AND COMPANY","9","Others","2","Cynthia Campbell","01","Miami","4","South-East"
"2902","D G BADHAM","9","Others","2","Cynthia Campbell","02","Jacksonville","4","South-East"
"2903","D M BAIDD","9","Others","2","Cynthia Campbell","03","Phoenix","5","South-West"
"2904","D M E A I C","9","Others","2","Cynthia Campbell","04","Chicago","0","North"
"3000","D M WHOLESALE","0","Retail","3","Diana Diaz","00","New Orleans","9","South"
"3001","D M WHOLESALE","0","Retail","3","Diana Diaz","01","Miami","4","South-East"
"3002","D MARTIN","0","Retail","3","Diana Diaz","02","Jacksonville","4","South-East"
"3003","D T COUGHLAN LTD","0","Retail","3","Diana Diaz","03","Phoenix","5","South-West"
"3004","D T WILL","0","Retail","3","Diana Diaz","04","Chicago","0","North"
"3005","D T WILL","0","Retail","3","Diana Diaz","05","Detroit","0","North"
"3006","D W MEDICAL SUPPLIES","0","Retail","3","Diana Diaz","06","Milwaukee","0","North"
"3007","D WALKED","0","Retail","3","Diana Diaz","07","Houston","9","South"
"3008","D.T COGHLAN LTD","0","Retail","3","Diana Diaz","08","Cleveland","0","North"
"3009","D.T COGHLAN LTD","0","Retail","3","Diana Diaz","09","Madison","0","North"
"3100","DAD DEBT ACCOUNT","1","Independents","3","Diana Diaz","00","New Orleans","9","South"
"3101","DAHMAN ENTEDPDIJAEJA","1","Independents","3","Diana Diaz","01","Miami","4","South-East"
"3102","DAMADAN CEMIL ENTEDP","1","Independents","3","Diana Diaz","02","Jacksonville","4","South-East"
"3103","DANDI COMPANY LTD","1","Independents","3","Diana Diaz","03","Phoenix","5","South-West"
"3104","DANISH BACON COMPANY","1","Independents","3","Diana Diaz","04","Chicago","0","North"
"3105","DANISH BACON COMPANY","1","Independents","3","Diana Diaz","05","Detroit","0","North"
"3106","DANISH BACON COMPANY","1","Independents","3","Diana Diaz","06","Milwaukee","0","North"
"3107","DARTFORD CO-OP CHEMI","1","Independents","3","Diana Diaz","07","Houston","9","South"
"3108","DAVID S SALES","1","Independents","3","Diana Diaz","08","Cleveland","0","North"
"3200","DAVIS & DANN LTD","2","Cash & Carry","3","Diana Diaz","00","New Orleans","9","South"
"3201","DAVIS HEALTHCARE SER","2","Cash & Carry","3","Diana Diaz","01","Miami","4","South-East"
"3202","DAYBUDN TDADING CO L","2","Cash & Carry","3","Diana Diaz","02","Jacksonville","4","South-East"
"3203","DEAN AND SMEDLEY LTD","2","Cash & Carry","3","Diana Diaz","03","Phoenix","5","South-West"
"3204","DECCO LIMITED","2","Cash & Carry","3","Diana Diaz","04","Chicago","0","North"
"3205","DEDGATE HEATH CENTDE","2","Cash & Carry","3","Diana Diaz","05","Detroit","0","North"
"3206","DEDPATH","2","Cash & Carry","3","Diana Diaz","06","Milwaukee","0","North"
"3207","DEE BEE CASH & CARRY","2","Cash & Carry","3","Diana Diaz","07","Houston","9","South"
"3300","DEEVE & WIGHT","3","Wholesalers","3","Diana Diaz","00","New Orleans","9","South"
"3301","DENJAU DIJATDIBUTION","3","Wholesalers","3","Diana Diaz","01","Miami","4","South-East"
"3302","DENTAL CLINIC","3","Wholesalers","3","Diana Diaz","02","Jacksonville","4","South-East"
"3303","DENTAL DISCOUNT SUPP","3","Wholesalers","3","Diana Diaz","03","Phoenix","5","South-West"
"3304","DENTAL EXPRESS SUPPL","3","Wholesalers","3","Diana Diaz","04","Chicago","0","North"
"3305","DENTAL HEALTH BOUTIQ","3","Wholesalers","3","Diana Diaz","05","Detroit","0","North"
"3306","DENTAL HOSPITAL","3","Wholesalers","3","Diana Diaz","06","Milwaukee","0","North"
"3307","DENTAL HOSPITAL","3","Wholesalers","3","Diana Diaz","07","Houston","9","South"
"3308","DENTAL HOSPITAL","3","Wholesalers","3","Diana Diaz","08","Cleveland","0","North"
"3400","DENTAL LINKLINE","4","Direct","3","Diana Diaz","00","New Orleans","9","South"
"3401","DENTORAL LTD","4","Direct","3","Diana Diaz","01","Miami","4","South-East"
"3402","DETAIL MADKETING JAE","4","Direct","3","Diana Diaz","02","Jacksonville","4","South-East"
"3403","DEVEL","4","Direct","3","Diana Diaz","03","Phoenix","5","South-West"
"3404","DEWSBURY DENTAL CLIN","4","Direct","3","Diana Diaz","04","Chicago","0","North"
"3405","DEYNOLD INDUSTRY","4","Direct","3","Diana Diaz","05","Detroit","0","North"
"3406","DHIMAN ENTERPRISES","4","Direct","3","Diana Diaz","06","Milwaukee","0","North"
"3407","DIAMOND CARDS","4","Direct","3","Diana Diaz","07","Houston","9","South"
"3412","DIDLEY","4","Direct","3","Diana Diaz","12","Portland","1","North-West"
"3500","DISAPPOINT PARTY 01","5","Discounts","3","Diana Diaz","00","New Orleans","9","South"
"3501","DISAPPOINT PARTY 02","5","Discounts","3","Diana Diaz","01","Miami","4","South-East"
"3600","DISAPPOINT PARTY 03","6","Specials","3","Diana Diaz","00","New Orleans","9","South"
"3601","DISAPPOINT PARTY 04","6","Specials","3","Diana Diaz","01","Miami","4","South-East"
"3602","DISAPPOINT PARTY 05","6","Specials","3","Diana Diaz","02","Jacksonville","4","South-East"
"3604","DIST.TRAIN 001","6","Specials","3","Diana Diaz","04","Chicago","0","North"
"3605","DIST.TRAIN 002","6","Specials","3","Diana Diaz","05","Detroit","0","North"
"3613","DIST.TRAIN 003","6","Specials","3","Diana Diaz","13","Spokane","1","North-West"
"3700","DIST.TRAIN 004","7","Indirects","3","Diana Diaz","00","New Orleans","9","South"
"3701","DIST.TRAIN 005","7","Indirects","3","Diana Diaz","01","Miami","4","South-East"
"3702","DIST.TRAIN 007","7","Indirects","3","Diana Diaz","02","Jacksonville","4","South-East"
"3703","DIST.TRAIN 009","7","Indirects","3","Diana Diaz","03","Phoenix","5","South-West"
"3704","DIST.TRAIN 010","7","Indirects","3","Diana Diaz","04","Chicago","0","North"
"3800","DIST.TRAIN 011","8","Outlet","3","Diana Diaz","00","New Orleans","9","South"
"3801","DIST.TRAIN 012","8","Outlet","3","Diana Diaz","01","Miami","4","South-East"
"3802","DIST.TRAIN 013","8","Outlet","3","Diana Diaz","02","Jacksonville","4","South-East"
"3803","DOBBINS","8","Outlet","3","Diana Diaz","03","Phoenix","5","South-West"
"3804","DOCHMILEJA","8","Outlet","3","Diana Diaz","04","Chicago","0","North"
"3900","DODITI INTEDNATIONAL","9","Others","3","Diana Diaz","00","New Orleans","9","South"
"3901","DOWLAND & CO LTD","9","Others","3","Diana Diaz","01","Miami","4","South-East"
"3902","DOY HALL CASH & CARRY","9","Others","3","Diana Diaz","02","Jacksonville","4","South-East"
"4000","DOY HALL CASH & CARRY","0","Retail","4","Frank Foster","00","New Orleans","9","South"
"4001","DOY HALL CASH & CARRY","0","Retail","4","Frank Foster","01","Miami","4","South-East"
"4002","DOYAL MANC CHILDDENJ","0","Retail","4","Frank Foster","02","Jacksonville","4","South-East"
"4100","DOYJA LTD","1","Independents","4","Frank Foster","00","New Orleans","9","South"
"4101","DOYJA LTD","1","Independents","4","Frank Foster","01","Miami","4","South-East"
"4102","DUCHILL HOSPITAL","1","Independents","4","Frank Foster","02","Jacksonville","4","South-East"
"4103","E GODFREY","1","Independents","4","Frank Foster","03","Phoenix","5","South-West"
"4108","E GODFREY","1","Independents","4","Frank Foster","08","Cleveland","0","North"
"4112","E H BOOTH","1","Independents","4","Frank Foster","12","Portland","1","North-West"
"4200","E H BOOTH","2","Cash & Carry","4","Frank Foster","00","New Orleans","9","South"
"4201","E NAYLOR SMALLWARES","2","Cash & Carry","4","Frank Foster","01","Miami","4","South-East"
"4202","EALING HOSPITAL","2","Cash & Carry","4","Frank Foster","02","Jacksonville","4","South-East"
"4203","EASENMYNE LTD","2","Cash & Carry","4","Frank Foster","03","Phoenix","5","South-West"
"4300","EAST ANGLIAN PHARM L","3","Wholesalers","4","Frank Foster","00","New Orleans","9","South"
"4301","EAST SUFFOLK H A","3","Wholesalers","4","Frank Foster","01","Miami","4","South-East"
"4400","EASTMAN DENTAL HOSPI","4","Direct","4","Frank Foster","00","New Orleans","9","South"
"4401","EASTMAN DENTAL HOSPI","4","Direct","4","Frank Foster","01","Miami","4","South-East"
"4500","ELBROOK CASH & CARRY","5","Discounts","4","Frank Foster","00","New Orleans","9","South"
"4501","ELGON CHEMIST","5","Discounts","4","Frank Foster","01","Miami","4","South-East"
"4600","ENFIELD CO OP CHEMIS","6","Specials","4","Frank Foster","00","New Orleans","9","South"
"4601","ENFIELD HEALTH AUTHO","6","Specials","4","Frank Foster","01","Miami","4","South-East"
"4602","ENGLADENT","6","Specials","4","Frank Foster","02","Jacksonville","4","South-East"
"4612","ESCAFELD LTD","6","Specials","4","Frank Foster","12","Portland","1","North-West"
"4700","ESSEX WHOLESALE","7","Indirects","4","Frank Foster","00","New Orleans","9","South"
"4801","ESSEX WHOLESALE","8","Outlet","4","Frank Foster","01","Miami","4","South-East"
"4802","EVANS CASH & CARRY L","8","Outlet","4","Frank Foster","02","Jacksonville","4","South-East"
"4803","EXPRESS MERCHANDISIN","8","Outlet","4","Frank Foster","03","Phoenix","5","South-West"
"4900","EXPRESS PACKAGING UK","9","Others","4","Frank Foster","00","New Orleans","9","South"
"4901","F & J ARPINO","9","Others","4","Frank Foster","01","Miami","4","South-East"
"4902","F H WRIGHT HEALTH GR","9","Others","4","Frank Foster","02","Jacksonville","4","South-East"
"4903","F J EXPORT","9","Others","4","Frank Foster","03","Phoenix","5","South-West"
"4904","F MALTBY & SONS LTD","9","Others","4","Frank Foster","04","Chicago","0","North"
"4905","F W WOOLWORTH PLC","9","Others","4","Frank Foster","05","Detroit","0","North"
"4906","F W WOOLWORTH PLC","9","Others","4","Frank Foster","06","Milwaukee","0","North"
"4907","F W WOOLWORTH PLC","9","Others","4","Frank Foster","07","Houston","9","South"
"4908","FALKLAND ISLAND TRAD","9","Others","4","Frank Foster","08","Cleveland","0","North"
"4909","FAUADIOUJA","9","Others","4","Frank Foster","09","Madison","0","North"
"4910","FAUGEN GOODS","9","Others","4","Frank Foster","10","Austin","9","South"
"4911","FAUGEN GOODS","9","Others","4","Frank Foster","11","Seattle","1","North-West"
"5000","FAUIDGIN DETAIL 32","0","Retail","5","Greg Griffin","00","New Orleans","9","South"
"5001","FAUIDGIN DETAIL 35","0","Retail","5","Greg Griffin","01","Miami","4","South-East"
"5100","FAUIDGIN DETAIL 36","1","Independents","5","Greg Griffin","00","New Orleans","9","South"
"5101","FAUIDGIN DETAIL 38","1","Independents","5","Greg Griffin","01","Miami","4","South-East"
"5102","FAUIDGIN DETAIL 39","1","Independents","5","Greg Griffin","02","Jacksonville","4","South-East"
"5103","FAUIDGIN DETAIL 40","1","Independents","5","Greg Griffin","03","Phoenix","5","South-West"
"5200","FENWICKS LTD AA03","2","Cash & Carry","5","Greg Griffin","00","New Orleans","9","South"
"5201","FENWICKS LTD AA04","2","Cash & Carry","5","Greg Griffin","01","Miami","4","South-East"
"5202","FENWICKS LTD AA06","2","Cash & Carry","5","Greg Griffin","02","Jacksonville","4","South-East"
"5300","FENWICKS LTD AA07","3","Wholesalers","5","Greg Griffin","00","New Orleans","9","South"
"5301","FERNDOWN W/S CONFECT","3","Wholesalers","5","Greg Griffin","01","Miami","4","South-East"
"5400","FERRIS CHEMISTS","4","Direct","5","Greg Griffin","00","New Orleans","9","South"
"5401","FIRST COMMUNITY HEAL","4","Direct","5","Greg Griffin","01","Miami","4","South-East"
"5402","FIRSTPHARM LTD","4","Direct","5","Greg Griffin","02","Jacksonville","4","South-East"
"5403","FIRSTPHARM LTD","4","Direct","5","Greg Griffin","03","Phoenix","5","South-West"
"5404","FIRTH & PILLING LTD","4","Direct","5","Greg Griffin","04","Chicago","0","North"
"5500","FLEXITRON LTD","5","Discounts","5","Greg Griffin","00","New Orleans","9","South"
"5501","FOALES DENTAL SUPPLY","5","Discounts","5","Greg Griffin","01","Miami","4","South-East"
"5600","GALAXY IND. DIS","6","Specials","5","Greg Griffin","00","New Orleans","9","South"
"5601","GALAXY IND. DIS","6","Specials","5","Greg Griffin","01","Miami","4","South-East"
"5700","GALAXY IND. DIS","7","Indirects","5","Greg Griffin","00","New Orleans","9","South"
"5701","GALAXY IND. DIS","7","Indirects","5","Greg Griffin","01","Miami","4","South-East"
"5702","GALAXY IND. DIS","7","Indirects","5","Greg Griffin","02","Jacksonville","4","South-East"
"5800","GALAXY IND. DIS","8","Outlet","5","Greg Griffin","00","New Orleans","9","South"
"5803","GALAXY IND. DIS","8","Outlet","5","Greg Griffin","03","Phoenix","5","South-West"
"5900","GASTON WOODS 1","9","Others","5","Greg Griffin","00","New Orleans","9","South"
"6000","GASTON WOODS 10","0","Retail","6","Harry Henderson","00","New Orleans","9","South"
"6001","GASTON WOODS 11","0","Retail","6","Harry Henderson","01","Miami","4","South-East"
"6002","GASTON WOODS 12","0","Retail","6","Harry Henderson","02","Jacksonville","4","South-East"
"6003","GASTON WOODS 13","0","Retail","6","Harry Henderson","03","Phoenix","5","South-West"
"6004","GASTON WOODS 14","0","Retail","6","Harry Henderson","04","Chicago","0","North"
"6005","GASTON WOODS 19","0","Retail","6","Harry Henderson","05","Detroit","0","North"
"6006","GASTON WOODS 2","0","Retail","6","Harry Henderson","06","Milwaukee","0","North"
"6007","GASTON WOODS 20","0","Retail","6","Harry Henderson","07","Houston","9","South"
"6008","GASTON WOODS 21","0","Retail","6","Harry Henderson","08","Cleveland","0","North"
"6009","GASTON WOODS 22","0","Retail","6","Harry Henderson","09","Madison","0","North"
"6010","GASTON WOODS 23","0","Retail","6","Harry Henderson","10","Austin","9","South"
"6011","GASTON WOODS 25","0","Retail","6","Harry Henderson","11","Seattle","1","North-West"
"6012","GASTON WOODS 26","0","Retail","6","Harry Henderson","12","Portland","1","North-West"
"6013","GASTON WOODS 28","0","Retail","6","Harry Henderson","13","Spokane","1","North-West"
"6014","GASTON WOODS 3","0","Retail","6","Harry Henderson","14","Boise","1","North-West"
"6015","GASTON WOODS 4","0","Retail","6","Harry Henderson","15","Tacoma","1","North-West"
"6016","GASTON WOODS 5","0","Retail","6","Harry Henderson","16","Great Falls","1","North-West"
"6017","GASTON WOODS 6","0","Retail","6","Harry Henderson","17","San Antonio","9","South"
"6018","GASTON WOODS 7","0","Retail","6","Harry Henderson","18","Billings","1","North-West"
"6019","GASTON WOODS 8","0","Retail","6","Harry Henderson","19","Eugene","1","North-West"
"6020","GASTON WOODS 9","0","Retail","6","Harry Henderson","20","Dallas","9","South"
"6021","GHERIDNA MOL","0","Retail","6","Harry Henderson","21","New York","2","North-East"
"6022","GIARDINI DETAIL LTD","0","Retail","6","Harry Henderson","22","Philadephia","2","North-East"
"6023","GIARDINI LTD AXA10","0","Retail","6","Harry Henderson","23","Boston","2","North-East"
"6024","GIARDINI LTD AXA12","0","Retail","6","Harry Henderson","24","Buffalo","2","North-East"
"6025","GIARDINI LTD AXA4","0","Retail","6","Harry Henderson","25","Rochester","2","North-East"
"6026","GIARDINI LTD AXA5","0","Retail","6","Harry Henderson","26","Massachusetts","2","North-East"
"6027","GIARDINI LTD AXA6","0","Retail","6","Harry Henderson","27","Rhode Island","2","North-East"
"6028","GIARDINI LTD AXA7","0","Retail","6","Harry Henderson","28","Connecticut","2","North-East"
"6029","GIARDINI LTD AXA8","0","Retail","6","Harry Henderson","29","Providence","2","North-East"
"6030","GLIMADON INC","0","Retail","6","Harry Henderson","30","Omaha","3","Central"
"6031","GROVESNORE","0","Retail","6","Harry Henderson","31","Kansas City","3","Central"
"6032","GROVESNORE","0","Retail","6","Harry Henderson","32","St Louis","3","Central"
"6033","GROVESNORE","0","Retail","6","Harry Henderson","33","Denver","3","Central"
"6034","GROVESNORE","0","Retail","6","Harry Henderson","34","Colorado Springs","3","Central"
"6035","GROVESNORE","0","Retail","6","Harry Henderson","35","Springfield","3","Central"
"6045","GROVESNORE","0","Retail","6","Harry Henderson","45","Atlanta","4","South-East"
"6100","GROVESNORE","1","Independents","6","Harry Henderson","00","New Orleans","9","South"
"6102","GROVESNORE","1","Independents","6","Harry Henderson","02","Jacksonville","4","South-East"
"6103","GROVESNORE","1","Independents","6","Harry Henderson","03","Phoenix","5","South-West"
"6301","GROVESNORE","3","Wholesalers","6","Harry Henderson","01","Miami","4","South-East"
"6302","GROVESNORE","3","Wholesalers","6","Harry Henderson","02","Jacksonville","4","South-East"
"6400","GROVESNORE","4","Direct","6","Harry Henderson","00","New Orleans","9","South"
"6500","GROVESNORE","5","Discounts","6","Harry Henderson","00","New Orleans","9","South"
"6600","GROVESNORE","6","Specials","6","Harry Henderson","00","New Orleans","9","South"
"6602","GROVESNORE","6","Specials","6","Harry Henderson","02","Jacksonville","4","South-East"
"6603","GROVESNORE","6","Specials","6","Harry Henderson","03","Phoenix","5","South-West"
"6604","GROVESNORE","6","Specials","6","Harry Henderson","04","Chicago","0","North"
"6700","GROVESNORE","7","Indirects","6","Harry Henderson","00","New Orleans","9","South"
"6701","GROVESNORE","7","Indirects","6","Harry Henderson","01","Miami","4","South-East"
"6900","GROVESNORE","9","Others","6","Harry Henderson","00","New Orleans","9","South"
"6901","GROVESNORE","9","Others","6","Harry Henderson","01","Miami","4","South-East"
"7000","GROVESNORE","0","Retail","7","Jessica James","00","New Orleans","9","South"
"7001","GROVESNORE","0","Retail","7","Jessica James","01","Miami","4","South-East"
"7002","GROVESNORE","0","Retail","7","Jessica James","02","Jacksonville","4","South-East"
"7003","GROVESNORE","0","Retail","7","Jessica James","03","Phoenix","5","South-West"
"7004","GROVESNORE","0","Retail","7","Jessica James","04","Chicago","0","North"
"7005","GROVESNORE","0","Retail","7","Jessica James","05","Detroit","0","North"
"7006","GROVESNORE","0","Retail","7","Jessica James","06","Milwaukee","0","North"
"7007","GROVESNORE","0","Retail","7","Jessica James","07","Houston","9","South"
"7100","GROVESNORE","1","Independents","7","Jessica James","00","New Orleans","9","South"
"7101","GROVESNORE","1","Independents","7","Jessica James","01","Miami","4","South-East"
"7102","GROVESNORE","1","Independents","7","Jessica James","02","Jacksonville","4","South-East"
"7200","GROVESNORE","2","Cash & Carry","7","Jessica James","00","New Orleans","9","South"
"7201","GROVESNORE","2","Cash & Carry","7","Jessica James","01","Miami","4","South-East"
"7202","GROVESNORE 01","2","Cash & Carry","7","Jessica James","02","Jacksonville","4","South-East"
"7203","GROVESNORE 02","2","Cash & Carry","7","Jessica James","03","Phoenix","5","South-West"
"7204","GROVESNORE 03","2","Cash & Carry","7","Jessica James","04","Chicago","0","North"
"7300","GROVESNORE 06","3","Wholesalers","7","Jessica James","00","New Orleans","9","South"
"7301","GROVESNORE 07","3","Wholesalers","7","Jessica James","01","Miami","4","South-East"
"7400","GROVESNORE 08","4","Direct","7","Jessica James","00","New Orleans","9","South"
"7401","GROVESNORE 09","4","Direct","7","Jessica James","01","Miami","4","South-East"
"7402","GROVESNORE LTD","4","Direct","7","Jessica James","02","Jacksonville","4","South-East"
"7403","GROVESNORE LTD","4","Direct","7","Jessica James","03","Phoenix","5","South-West"
"7404","H ELSTON L","4","Direct","7","Jessica James","04","Chicago","0","North"
"7405","H I WELDRICK","4","Direct","7","Jessica James","05","Detroit","0","North"
"7406","HGEI - PRODUCTS H1","4","Direct","7","Jessica James","06","Milwaukee","0","North"
"7407","HGEI - PRODUCTS H2","4","Direct","7","Jessica James","07","Houston","9","South"
"7500","HGEI - PRODUCTS H3","5","Discounts","7","Jessica James","00","New Orleans","9","South"
"7501","HGEI - PRODUCTS H4","5","Discounts","7","Jessica James","01","Miami","4","South-East"
"7502","HGEI - PRODUCTS H5","5","Discounts","7","Jessica James","02","Jacksonville","4","South-East"
"7503","INERT STORE","5","Discounts","7","Jessica James","03","Phoenix","5","South-West"
"7504","IRVIN CHEMISTS","5","Discounts","7","Jessica James","04","Chicago","0","North"
"7505","S & R","5","Discounts","7","Jessica James","05","Detroit","0","North"
"7506","S R RAS","5","Discounts","7","Jessica James","06","Milwaukee","0","North"
"7507","S S","5","Discounts","7","Jessica James","07","Houston","9","South"
"7508","S M WHOLESALE","5","Discounts","7","Jessica James","08","Cleveland","0","North"
"7509","SAFERALE LTR","5","Discounts","7","Jessica James","09","Madison","0","North"
"7510","SAFEWAY CHEMIST LT","5","Discounts","7","Jessica James","10","Austin","9","South"
"7511","SAFEWAY REGIONAL RI","5","Discounts","7","Jessica James","11","Seattle","1","North-West"
"7512","SAFEWAY PLC","5","Discounts","7","Jessica James","12","Portland","1","North-West"
"7513","SAFEWAY PLC","5","Discounts","7","Jessica James","13","Spokane","1","North-West"
"7514","SAFEWAY PLC","5","Discounts","7","Jessica James","14","Boise","1","North-West"
"7515","SAFEWAY PLC","5","Discounts","7","Jessica James","15","Tacoma","1","North-West"
"7516","SCOTTISH CO OP","5","Discounts","7","Jessica James","16","Great Falls","1","North-West"
"7517","SCOTTISH MIRLANR C","5","Discounts","7","Jessica James","17","San Antonio","9","South"
"7518","SCOTTISH MIRLANR C","5","Discounts","7","Jessica James","18","Billings","1","North-West"
"7519","SR - HOME","5","Discounts","7","Jessica James","19","Eugene","1","North-West"
"7520","SEARS","5","Discounts","7","Jessica James","20","Dallas","9","South"
"7521","SEARS","5","Discounts","7","Jessica James","21","New York","2","North-East"
"7522","SEARS","5","Discounts","7","Jessica James","22","Philadephia","2","North-East"
"7600","SEARS","6","Specials","7","Jessica James","00","New Orleans","9","South"
"7601","SAFEWAY PLC","6","Specials","7","Jessica James","01","Miami","4","South-East"
"7602","SEE RS - SELL O3","6","Specials","7","Jessica James","02","Jacksonville","4","South-East"
"7603","SEE RS - SELL O4","6","Specials","7","Jessica James","03","Phoenix","5","South-West"
"7604","SEE RS - SELL O6","6","Specials","7","Jessica James","04","Chicago","0","North"
"7605","SEE RS - SELL O7","6","Specials","7","Jessica James","05","Detroit","0","North"
"7606","SELFRIRGES LTR","6","Specials","7","Jessica James","06","Milwaukee","0","North"
"7607","SELFRIRGES LTR","6","Specials","7","Jessica James","07","Houston","9","South"
"7608","SEVENS WHOLESALE","6","Specials","7","Jessica James","08","Cleveland","0","North"
"7700","SHER BROS CASH &","7","Indirects","7","Jessica James","00","New Orleans","9","South"
"7701","SHEENA & ROSS W/J","7","Indirects","7","Jessica James","01","Miami","4","South-East"
"7702","SHEFFIELR CO OP SO","7","Indirects","7","Jessica James","02","Jacksonville","4","South-East"
"7703","SHELF INVESTMENT L","7","Indirects","7","Jessica James","03","Phoenix","5","South-West"
"7704","SHEPPARR W/SALE CO","7","Indirects","7","Jessica James","04","Chicago","0","North"
"7705","SHOPRITE","7","Indirects","7","Jessica James","05","Detroit","0","North"
"7706","SHOPRITE LTR2","7","Indirects","7","Jessica James","06","Milwaukee","0","North"
"7707","SHOPRITE LTR3","7","Indirects","7","Jessica James","07","Houston","9","South"
"7708","SKINNER SERVICE S","7","Indirects","7","Jessica James","08","Cleveland","0","North"
"7709","SLOANE SQUARE ENTE","7","Indirects","7","Jessica James","09","Madison","0","North"
"7800","SMITH & HILL","8","Outlet","7","Jessica James","00","New Orleans","9","South"
"7801","SMITH & HILL","8","Outlet","7","Jessica James","01","Miami","4","South-East"
"7802","SMITH & HILL","8","Outlet","7","Jessica James","02","Jacksonville","4","South-East"
"7900","SMITH & HILL","9","Others","7","Jessica James","00","New Orleans","9","South"
"7901","SMYLIE MARKET","9","Others","7","Jessica James","01","Miami","4","South-East"
"7902","SOLAR SUPERSTORE","9","Others","7","Jessica James","02","Jacksonville","4","South-East"
"7903","SOLAR SUPERSTORE","9","Others","7","Jessica James","03","Phoenix","5","South-West"
"8000","SOLAR SUPERSTORE","0","Retail","8","Kenneth Kelly","00","New Orleans","9","South"
"8001","SOLAR SUPERSTORE","0","Retail","8","Kenneth Kelly","01","Miami","4","South-East"
"8002","SOLOMON & COMPANY L","0","Retail","8","Kenneth Kelly","02","Jacksonville","4","South-East"
"8003","SOMERFIELD STORES","0","Retail","8","Kenneth Kelly","03","Phoenix","5","South-West"
"8004","SOMERFIELD STORES","0","Retail","8","Kenneth Kelly","04","Chicago","0","North"
"8005","SOMERFIELD STORES","0","Retail","8","Kenneth Kelly","05","Detroit","0","North"
"8100","SONIC TRARING WAREH","1","Independents","8","Kenneth Kelly","00","New Orleans","9","South"
"8101","SONIC TRARING WAREH","1","Independents","8","Kenneth Kelly","01","Miami","4","South-East"
"8200","SONNAR STORES LTR","2","Cash & Carry","8","Kenneth Kelly","00","New Orleans","9","South"
"8201","SOUTH MIRLANRS CO","2","Cash & Carry","8","Kenneth Kelly","01","Miami","4","South-East"
"8300","SPOTLIGHT","3","Wholesalers","8","Kenneth Kelly","00","New Orleans","9","South"
"8301","SPOTLIGHT DRUG STO","3","Wholesalers","8","Kenneth Kelly","01","Miami","4","South-East"
"8400","SQUARE REAL TOILETR","4","Direct","8","Kenneth Kelly","00","New Orleans","9","South"
"8401","ST ANTHONY'S","4","Direct","8","Kenneth Kelly","01","Miami","4","South-East"
"8402","STARGATE SUPPLIES","4","Direct","8","Kenneth Kelly","02","Jacksonville","4","South-East"
"8403","STARGATE SUPPLIES","4","Direct","8","Kenneth Kelly","03","Phoenix","5","South-West"
"8404","STARLIGHT NT10","4","Direct","8","Kenneth Kelly","04","Chicago","0","North"
"8405","STARLIGHT NT5","4","Direct","8","Kenneth Kelly","05","Detroit","0","North"
"8406","STARLIGHT NT6","4","Direct","8","Kenneth Kelly","06","Milwaukee","0","North"
"8407","STARLIGHT NT7","4","Direct","8","Kenneth Kelly","07","Houston","9","South"
"8500","STARLIGHT NT8","5","Discounts","8","Kenneth Kelly","00","New Orleans","9","South"
"8501","STARLIGHT NT9","5","Discounts","8","Kenneth Kelly","01","Miami","4","South-East"
"8502","STANOJEVIC SUPPLIES","5","Discounts","8","Kenneth Kelly","02","Jacksonville","4","South-East"
"8503","STRANRAER CASH & C","5","Discounts","8","Kenneth Kelly","03","Phoenix","5","South-West"
"8504","STERN LIMITED","5","Discounts","8","Kenneth Kelly","04","Chicago","0","North"
"8505","STOBHILL GENERAL HO","5","Discounts","8","Kenneth Kelly","05","Detroit","0","North"
"8506","STOCKPORT HEALTH AU","5","Discounts","8","Kenneth Kelly","06","Milwaukee","0","North"
"8507","STONE CXR","5","Discounts","8","Kenneth Kelly","07","Houston","9","South"
"8508","STONE PHARMACY","5","Discounts","8","Kenneth Kelly","08","Cleveland","0","North"
"8509","SURVIVAL 32","5","Discounts","8","Kenneth Kelly","09","Madison","0","North"
"8510","SUSSEX FORECOURT","5","Discounts","8","Kenneth Kelly","10","Austin","9","South"
"8600","SUSPENCE ACCOUNT","6","Specials","8","Kenneth Kelly","00","New Orleans","9","South"
"8601","SUPERDRUG STORES","6","Specials","8","Kenneth Kelly","01","Miami","4","South-East"
"8602","SUPERDRUG STORES","6","Specials","8","Kenneth Kelly","02","Jacksonville","4","South-East"
"8604","SUPERDRUG STORES","6","Specials","8","Kenneth Kelly","04","Chicago","0","North"
"8605","SUPERSAVE","6","Specials","8","Kenneth Kelly","05","Detroit","0","North"
"8606","SUPERSAVE DRUG ST","6","Specials","8","Kenneth Kelly","06","Milwaukee","0","North"
"8607","SUPERSAVE DRUG ST","6","Specials","8","Kenneth Kelly","07","Houston","9","South"
"8700","SUTHERLAND HEALTH L","7","Indirects","8","Kenneth Kelly","00","New Orleans","9","South"
"8701","SWAN HOUSE CASH &","7","Indirects","8","Kenneth Kelly","01","Miami","4","South-East"
"8900","SWANSEA CYCLE CENT","9","Others","8","Kenneth Kelly","00","New Orleans","9","South"
"8901","SWEET SERVICE","9","Others","8","Kenneth Kelly","01","Miami","4","South-East"
"8902","SWEETS SERVICE LT","9","Others","8","Kenneth Kelly","02","Jacksonville","4","South-East"
"8904","K & J SUPPLIES","9","Others","8","Kenneth Kelly","04","Chicago","0","North"
"9000","K & S HUGHES LTD","0","Retail","9","Lori Lee","00","New Orleans","9","South"
"9100","K CASH & CARRY","1","Independents","9","Lori Lee","00","New Orleans","9","South"
"9101","K WATERHOUSE LTD","1","Independents","9","Lori Lee","01","Miami","4","South-East"
"9102","K WATERHOUSE LTD","1","Independents","9","Lori Lee","02","Jacksonville","4","South-East"
"9103","KECKTON PHORMOCY","1","Independents","9","Lori Lee","03","Phoenix","5","South-West"
"9200","KELLEVUE COSH & CORR","2","Cash & Carry","9","Lori Lee","00","New Orleans","9","South"
"9201","KENETTON","2","Cash & Carry","9","Lori Lee","01","Miami","4","South-East"
"9202","KENETTON","2","Cash & Carry","9","Lori Lee","02","Jacksonville","4","South-East"
"9203","KENS","2","Cash & Carry","9","Lori Lee","03","Phoenix","5","South-West"
"9204","KENTOLLS LIMITED","2","Cash & Carry","9","Lori Lee","04","Chicago","0","North"
"9205","KESTWAY CASH & CARRY","2","Cash & Carry","9","Lori Lee","05","Detroit","0","North"
"9206","KESTWAY CASH & CARRY","2","Cash & Carry","9","Lori Lee","06","Milwaukee","0","North"
"9208","KESTWAY CASH & CARRY","2","Cash & Carry","9","Lori Lee","08","Cleveland","0","North"
"9209","KESTWAY CASH & CARRY","2","Cash & Carry","9","Lori Lee","09","Madison","0","North"
"9210","KESTWAY CASH & CARRY","2","Cash & Carry","9","Lori Lee","10","Austin","9","South"
"9211","KESTWAY CASH & CARRY","2","Cash & Carry","9","Lori Lee","11","Seattle","1","North-West"
"9300","KESTWAY CASH & CARRY","3","Wholesalers","9","Lori Lee","00","New Orleans","9","South"
"9400","KESTWAY NORTHERN LTD","4","Direct","9","Lori Lee","00","New Orleans","9","South"
"9402","KILLERICAY DENTAL","4","Direct","9","Lori Lee","02","Jacksonville","4","South-East"
"9410","KILLINGTANS","4","Direct","9","Lori Lee","10","Austin","9","South"
"9500","KIRMINGHAM DENTAL HA","5","Discounts","9","Lori Lee","00","New Orleans","9","South"
"9501","KLEOSDOLE LTD","5","Discounts","9","Lori Lee","01","Miami","4","South-East"
"9993","KLOOMSKURY H O","9","Others","9","Lori Lee","93","Shreveport","9","South"
